# word	pinyin — rclt 規則，長詞優先
不入虎穴焉得虎子	bù rù hǔ xuè yān dé hǔ zǐ
得來全不費工夫	dé lái quán bù fèi gōng fū
可望而不可得	kě wàng ér bù kě dé
一步一步地	yī bù yī bù de
三百六十行	sān bǎi liù shí háng
不知不覺地	bù zhī bù jué de
快快樂樂地	kuài kuài lè lè de
急急忙忙地	jí jí máng máng de
情不自禁地	qíng bù zì jīn de
自言自語地	zì yán zì yǔ de
行行出狀元	háng háng chū zhuàng yuán
高高興興地	gāo gāo xìng xìng de
一分為二	yī fēn wéi èr
一唱一和	yī chàng yī hè
一得之愚	yī dé zhī yú
一朝一夕	yī zhāo yī xì
一目了然	yī mù liǎo rán
一目十行	yī mù shí háng
一舉兩得	yī jǔ liǎng dé
一語中的	yī yǔ zhòng dì
三省吾身	sān xǐng wú shēn
不了了之	bù liǎo liǎo zhī
不以為然	bù yǐ wéi rán
不勝其煩	bù shēng qí fán
不勝感激	bù shēng gǎn jī
不勝枚舉	bù shēng méi jǔ
不可勝數	bù kě shēng shǔ
不可多得	bù kě duō dé
不得了呀	bù dé liǎo ya
不省人事	bù xǐng rén shì
不著邊際	bù zhuó biān jì
事在人為	shì zài rén wéi
以子之矛	yǐ zǐ zhī máo
以牙還牙	yǐ yá huán yá
作為一個	zuò wéi yī gè
信以為真	xìn yǐ wéi zhēn
倒數計時	dào shǔ jì shí
倒果為因	dào guǒ wéi yīn
倒背如流	dào bèi rú liú
倒行逆施	dào xíng nì shī
全軍覆沒	quán jūn fù mò
削足適履	xuè zú shì lǚ
化險為夷	huà xiǎn wéi yí
半夜三更	bàn yè sān gēng
參差不齊	cēn cī bù qí
各得其所	gè dé qí suǒ
各行各業	gè háng gè yè
和平共處	hé píng gòng chǔ
困難重重	kùn nán chóng chóng
土生土長	tǔ shēng tǔ zhǎng
塞翁失馬	sài wēng shī mǎ
大有可為	dà yǒu kě wéi
大腹便便	dà fù pián pián
大難不死	dà nàn bù sǐ
天之驕子	tiān zhī jiāo zǐ
天衣無縫	tiān yī wú fèng
失而復得	shī ér fù dé
女子學校	nǚ zǐ xué xiào
好吃懶做	hào chī lǎn zuò
好大喜功	hào dà xǐ gōng
好為人師	hào wéi rén shī
好逸惡勞	hào yì wù láo
好高騖遠	hào gāo wù yuǎn
如數家珍	rú shǔ jiā zhēn
妻離子散	qī lí zǐ sàn
子子孫孫	zǐ zǐ sūn sūn
子虛烏有	zǐ xū wū yǒu
字裡行間	zì lǐ háng jiān
孫子兵法	sūn zǐ bīng fǎ
安分守己	ān fèn shǒu jǐ
少不更事	shào bù gēng shì
屈指可數	qū zhǐ kě shǔ
年輕有為	nián qīng yǒu wéi
引以為傲	yǐn yǐ wéi ào
引以為戒	yǐn yǐ wéi jiè
弱不禁風	ruò bù jīn fēng
強人所難	qiǎng rén suǒ nán
強詞奪理	qiǎng cí duó lǐ
強顏歡笑	qiǎng yán huān xiào
彈盡援絕	dàn jìn yuán jué
得不償失	dé bù cháng shī
得來不易	dé lái bù yì
得天獨厚	dé tiān dú hòu
得寸進尺	dé cùn jìn chǐ
得心應手	dé xīn yìng shǒu
得意忘形	dé yì wàng xíng
得過且過	dé guò qiě guò
得隴望蜀	dé lǒng wàng shǔ
得魚忘筌	dé yú wàng quán
從容不迫	cōng róng bù pò
心事重重	xīn shì chóng chóng
患得患失	huàn dé huàn shī
患難之交	huàn nàn zhī jiāo
情不自禁	qíng bù zì jīn
應接不暇	yìng jiē bù xiá
應用程式	yìng yòng chéng shì
應運而生	yìng yùn ér shēng
所作所為	suǒ zuò suǒ wéi
拔苗助長	bá miáo zhù zhǎng
指鹿為馬	zhǐ lù wéi mǎ
挑撥離間	tiǎo bō lí jiàn
排難解紛	pái nàn jiě fēn
揠苗助長	yà miáo zhù zhǎng
損兵折將	sǔn bīng zhé jiàng
教學相長	jiào xué xiāng zhǎng
教小朋友	jiāo xiǎo péng yǒu
敢作敢為	gǎn zuò gǎn wéi
數一數二	shǔ yī shǔ èr
數不勝數	shǔ bù shēng shǔ
數位相機	shù wèi xiàng jī
數典忘祖	shǔ diǎn wàng zǔ
數見不鮮	shuò jiàn bù xiān
日積月累	rì jī yuè lěi
晃來晃去	huàng lái huàng qù
暈頭轉向	yūn tóu zhuàn xiàng
曲高和寡	qǔ gāo hè guǎ
有求必應	yǒu qiú bì yìng
有的放矢	yǒu dì fàng shǐ
朋比為奸	péng bì wéi jiān
望子成龍	wàng zǐ chéng lóng
朝三暮四	zhāo sān mù sì
朝不保夕	zhāo bù bǎo xì
朝令夕改	zhāo lìng xì gǎi
朝思暮想	zhāo sī mù xiǎng
朝朝暮暮	zhāo zhāo mù mù
朝氣蓬勃	zhāo qì péng bó
朝發夕至	zhāo fā xì zhì
槍林彈雨	qiāng lín dàn yǔ
正中下懷	zhèng zhòng xià huái
正人君子	zhèng rén jūn zǐ
比比皆是	bì bì jiē shì
求之不得	qiú zhī bù dé
沒齒難忘	mò chǐ nán wàng
泰然處之	tài rán chǔ zhī
洋洋得意	yáng yáng dé yì
流行音樂	liú xíng yīn yuè
深惡痛絕	shēn wù tòng jué
為人師表	wéi rén shī biǎo
為善最樂	wéi shàn zuì lè
為富不仁	wéi fù bù rén
為所欲為	wéi suǒ yù wéi
為時已晚	wéi shí yǐ wǎn
為非作歹	wéi fēi zuò dǎi
無所作為	wú suǒ zuò wéi
無的放矢	wú dì fàng shǐ
無能為力	wú néng wéi lì
王侯將相	wáng hóu jiàng xiàng
當頭棒喝	dāng tóu bàng hè
發人深省	fā rén shēn xǐng
百發百中	bǎi fā bǎi zhòng
目不暇給	mù bù xiá jǐ
相得益彰	xiāng dé yì zhāng
眾矢之的	zhòng shǐ zhī dì
知識分子	zhī shì fèn zǐ
神出鬼沒	shén chū guǐ mò
種瓜得瓜	zhòng guā dé guā
種豆得豆	zhòng dòu dé dòu
稱心如意	chèng xīn rú yì
美不勝收	měi bù shēng shōu
習以為常	xí yǐ wéi cháng
老調重彈	lǎo diào chóng tán
胡作非為	hú zuò fēi wéi
自以為是	zì yǐ wéi shì
自力更生	zì lì gēng shēng
自然地理	zì rán dì lǐ
自給自足	zì jǐ zì zú
自鳴得意	zì míng dé yì
興致勃勃	xìng zhì bó bó
興高采烈	xìng gāo cǎi liè
荷槍實彈	hè qiāng shí dàn
萬象更新	wàn xiàng gēng xīn
處之泰然	chǔ zhī tài rán
處心積慮	chǔ xīn jī lǜ
處變不驚	chǔ biàn bù jīng
號啕大哭	háo táo dà kū
衣錦還鄉	yì jǐn huán xiāng
裡應外合	lǐ yìng wài hé
見縫插針	jiàn fèng chā zhēn
見義勇為	jiàn yì yǒng wéi
視為己任	shì wéi jǐ rèn
親密無間	qīn mì wú jiàn
討價還價	tǎo jià huán jià
設身處地	shè shēn chǔ dì
調查報告	diào chá bào gào
調虎離山	diào hǔ lí shān
諸子百家	zhū zǐ bǎi jiā
謙謙君子	qiān qiān jūn zǐ
轉危為安	zhuǎn wéi wéi ān
返老還童	fǎn lǎo huán tóng
重巒疊嶂	chóng luán dié zhàng
重操舊業	chóng cāo jiù yè
重整旗鼓	chóng zhěng qí gǔ
重新開始	chóng xīn kāi shǐ
重歸於好	chóng guī yú hǎo
重溫舊夢	chóng wēn jiù mèng
重見天日	chóng jiàn tiān rì
重蹈覆轍	chóng dào fù chè
陳腔濫調	chén qiāng làn diào
電子郵件	diàn zǐ yóu jiàn
靜悄悄地	jìng qiǎo qiǎo de
高興地說	gāo xìng de shuō
高高興興	gāo gāo xìng xìng
一塊兒	yī kuài r
一會兒	yī huǐ r
一部分	yī bù fèn
一點兒	yī diǎn r
不停地	bù tíng de
不得不	bù dé bù
不得了	bù dé liǎo
不得已	bù dé yǐ
不斷地	bù duàn de
主題曲	zhǔ tí qǔ
了不得	liǎo bù de
了不起	liǎo bù qǐ
交響曲	jiāo xiǎng qǔ
交響樂	jiāo xiǎng yuè
仔細地	zǐ xì de
以此為	yǐ cǐ wéi
以為是	yǐ wéi shì
作曲家	zuò qǔ jiā
使用率	shǐ yòng lǜ
來不了	lái bù liǎo
倒一杯	dào yī bēi
倒垃圾	dào lè sè
倒過來	dào guò lái
做不了	zuò bù liǎo
偷偷地	tōu tōu de
催淚彈	cuī lèi dàn
傷心地	shāng xīn de
傻傻地	shǎ shǎ de
免不了	miǎn bù liǎo
出洋相	chū yáng xiàng
出生率	chū shēng lǜ
分子式	fēn zǐ shì
努力地	nǔ lì de
勇敢地	yǒng gǎn de
升學率	shēng xué lǜ
協奏曲	xié zòu qǔ
原子彈	yuán zǐ dàn
原子筆	yuán zǐ bǐ
原子能	yuán zǐ néng
去不了	qù bù liǎo
受不了	shòu bù liǎo
可憐相	kě lián xiàng
吃不了	chī bù liǎo
呆呆地	dāi dāi de
命中率	mìng zhòng lǜ
啦啦隊	lā lā duì
圓周率	yuán zhōu lǜ
圓舞曲	yuán wǔ qǔ
團團轉	tuán tuán zhuàn
增長率	zēng zhǎng lǜ
大大地	dà dà de
大聲地	dà shēng de
大部分	dà bù fèn
大都會	dà dū huì
失業率	shī yè lǜ
奏鳴曲	zòu míng qǔ
好不了	hǎo bù liǎo
好奇地	hào qí de
好奇心	hào qí xīn
好好地	hǎo hǎo de
子午線	zǐ wǔ xiàn
安靜地	ān jìng de
害怕地	hài pà de
小心地	xiǎo xīn de
小聲地	xiǎo shēng de
少不了	shǎo bù liǎo
少奶奶	shào nǎi nai
就業率	jiù yè lǜ
差點兒	chā diǎn r
得分王	dé fēn wáng
得意地	dé yì de
得獎者	dé jiǎng zhě
忘不了	wàng bù liǎo
快樂地	kuài lè de
悄悄地	qiǎo qiǎo de
慢慢地	màn màn de
成功率	chéng gōng lǜ
成為了	chéng wéi le
成長率	chéng zhǎng lǜ
所得稅	suǒ dé shuì
手指頭	shǒu zhǐ tou
手榴彈	shǒu liú dàn
找不著	zhǎo bù zháo
投票率	tóu piào lǜ
拚命地	pàn mìng de
排行榜	pái háng bǎng
搖滾樂	yáo gǔn yuè
摸不著	mō bù zháo
收視率	shōu shì lǜ
改稱為	gǎi chēng wéi
教他們	jiāo tā men
教你們	jiāo nǐ men
教大家	jiāo dà jiā
教我們	jiāo wǒ men
散文詩	sǎn wén shī
數一數	shǔ yī shǔ
數不清	shǔ bù qīng
早早地	zǎo zǎo de
普及率	pǔ jí lǜ
更年期	gēng nián qí
曾祖母	zēng zǔ mǔ
曾祖父	zēng zǔ fù
有點兒	yǒu diǎn r
正確率	zhèng què lǜ
死亡率	sǐ wáng lǜ
母子倆	mǔ zǐ liǎ
水滸傳	shuǐ hǔ zhuàn
深深地	shēn shēn de
準確率	zhǔn què lǜ
溫柔地	wēn róu de
滿意地	mǎn yì de
漸漸地	jiàn jiàn de
為準則	wéi zhǔn zé
煙霧彈	yān wù dàn
照相機	zhào xiàng jī
照相館	zhào xiàng guǎn
熱情地	rè qíng de
爵士樂	jué shì yuè
父子倆	fù zǐ liǎ
犯不著	fàn bù zháo
狠狠地	hěn hěn de
狼狽相	láng bèi xiàng
獨生子	dú shēng zǐ
甜甜地	tián tián de
甜頭兒	tián tou ér
生氣地	shēng qì de
用不著	yòng bù zháo
用力地	yòng lì de
發生率	fā shēng lǜ
百分率	bǎi fēn lǜ
盡情地	jìn qíng de
目的地	mù dì dì
看守所	kān shǒu suǒ
睡不著	shuì bù zháo
睡午覺	shuì wǔ jiào
禁不住	jīn bù zhù
禁不起	jīn bù qǐ
秘書長	mì shū zhǎng
突然地	tú rán de
管弦樂	guǎn xián yuè
緊張地	jǐn zhāng de
緊緊地	jǐn jǐn de
緩緩地	huǎn huǎn de
羞答答	xiū dā dā
耐心地	nài xīn de
自然地	zì rán de
興奮地	xīng fèn de
興沖沖	xìng chōng chōng
著作權	zhù zuò quán
董事長	dǒng shì zhǎng
處理器	chǔ lǐ qì
見不著	jiàn bù zháo
認為是	rèn wéi shì
認真地	rèn zhēn de
調查局	diào chá jú
識字率	shì zì lǜ
走不了	zǒu bù liǎo
跑不了	pǎo bù liǎo
身分證	shēn fèn zhèng
輕快地	qīng kuài de
輕輕地	qīng qīng de
輕鬆地	qīng sōng de
迅速地	xùn sù de
逐漸地	zhú jiàn de
進行曲	jìn xíng qǔ
遠遠地	yuǎn yuǎn de
都市化	dū shì huà
量角器	liáng jiǎo qì
量體溫	liáng tǐ wēn
銀行家	yín háng jiā
錄取率	lù qǔ lǜ
開心地	kāi xīn de
難過地	nán guò de
電子書	diàn zǐ shū
電子琴	diàn zǐ qín
電子錶	diàn zǐ biǎo
露一手	lòu yī shǒu
露馬腳	lòu mǎ jiǎo
青少年	qīng shào nián
靜靜地	jìng jìng de
韓非子	hán fēi zǐ
音樂家	yīn yuè jiā
音樂會	yīn yuè huì
飛快地	fēi kuài de
驚訝地	jīng yà de
高興地	gāo xìng de
高高地	gāo gāo de
魚子醬	yú zǐ jiàng
默默地	mò mò de
丈量	zhàng liáng
三更	sān gēng
上將	shàng jiàng
上當	shàng dàng
上頭	shàng tou
不當	bù dàng
不禁	bù jīn
丑角	chǒu jué
世子	shì zǐ
丞相	chéng xiàng
丫頭	yā tou
中子	zhōng zǐ
中將	zhōng jiàng
中彈	zhòng dàn
中意	zhòng yì
中暑	zhòng shǔ
中標	zhòng biāo
中毒	zhòng dú
中獎	zhòng jiǎng
中肯	zhòng kěn
中計	zhòng jì
中選	zhòng xuǎn
中風	zhòng fēng
主將	zhǔ jiàng
主角	zhǔ jué
乘興	chéng xìng
九重	jiǔ chóng
乾坤	qián kūn
乾隆	qián lóng
了事	liǎo shì
了卻	liǎo què
了悟	liǎo wù
了無	liǎo wú
了然	liǎo rán
了結	liǎo jié
了解	liǎo jiě
事假	shì jià
互為	hù wéi
五更	wǔ gēng
交差	jiāo chāi
交還	jiāo huán
京都	jīng dū
亮相	liàng xiàng
人參	rén shēn
人為	rén wéi
今朝	jīn zhāo
仙子	xiān zǐ
以為	yǐ wéi
休假	xiū jià
伯伯	bó bo
似的	shì de
低調	dī diào
何為	hé wéi
作曲	zuò qǔ
作為	zuò wéi
使得	shǐ dé
來頭	lái tou
例假	lì jià
侍從	shì zòng
供應	gōng yìng
供給	gōng jǐ
便宜	pián yí
信差	xìn chāi
倒也	dào yě
倒入	dào rù
倒出	dào chū
倒影	dào yǐng
倒掉	dào diào
倒掛	dào guà
倒敘	dào xù
倒數	dào shǔ
倒是	dào shì
倒水	dào shuǐ
倒滿	dào mǎn
倒立	dào lì
倒置	dào zhì
倒茶	dào chá
倒貼	dào tiē
倒車	dào chē
倒轉	dào zhuǎn
倒退	dào tuì
倒進	dào jìn
倒酒	dào jiǔ
倔強	jué jiàng
假日	jià rì
假期	jià qí
假條	jià tiáo
偏好	piān hào
停當	tíng dàng
偷空	tōu kòng
傳記	zhuàn jì
僕從	pú zòng
償還	cháng huán
元曲	yuán qǔ
兄長	xiōng zhǎng
充分	chōng fèn
光子	guāng zǐ
內子	nèi zǐ
內省	nèi xǐng
內行	nèi háng
公仔	gōng zǎi
公假	gōng jià
公公	gōng gong
公子	gōng zǐ
公轉	gōng zhuàn
共處	gòng chǔ
典當	diǎn dàng
出差	chū chāi
出沒	chū mò
分內	fèn nèi
分外	fèn wài
分子	fēn zǐ
分為	fēn wéi
分行	fēn háng
分量	fèn liàng
切中	qiè zhòng
切入	qiē rù
切割	qiē gē
切塊	qiē kuài
切成	qiē chéng
切斷	qiē duàn
切片	qiē piàn
切碎	qiē suì
切磋	qiē cuō
切線	qiē xiàn
切肉	qiē ròu
切菜	qiē cài
切開	qiē kāi
切除	qiē chú
切面	qiē miàn
列傳	liè zhuàn
列為	liè wéi
利率	lì lǜ
削弱	xuè ruò
削減	xuè jiǎn
前頭	qián tou
剝削	bō xuè
功夫	gōng fu
功率	gōng lǜ
助興	zhù xìng
助長	zhù zhǎng
劫難	jié nàn
勉強	miǎn qiǎng
勝任	shēng rèn
勻稱	yún chèng
勾當	gòu dàng
化為	huà wéi
匯率	huì lǜ
午覺	wǔ jiào
卓著	zhuó zhù
博得	bó dé
危難	wéi nàn
即興	jí xìng
卵子	luǎn zǐ
原子	yuán zǐ
原著	yuán zhù
厭惡	yàn wù
參差	cēn cī
反倒	fǎn dào
反應	fǎn yìng
反省	fǎn xǐng
反間	fǎn jiàn
叔叔	shú shu
取得	qǔ dé
受難	shòu nàn
古都	gǔ dū
可惡	kě wù
吃相	chī xiàng
吆喝	yāo hè
合為	hé wéi
同好	tóng hào
同行	tóng háng
同調	tóng diào
名分	míng fèn
名將	míng jiàng
名曲	míng qǔ
名著	míng zhù
名角	míng jué
君子	jūn zǐ
吞沒	tūn mò
呼應	hū yìng
呼號	hū háo
命中	mìng zhòng
和麵	huò miàn
哀號	āi háo
品行	pǐn xìng
哥哥	gē ge
哪兒	nǎ r
唱和	chàng hè
商行	shāng háng
商量	shāng liáng
喜好	xǐ hào
喝令	hè lìng
喝彩	hè cǎi
喝止	hè zhǐ
喝采	hè cǎi
喪事	sāng shì
喪假	sāng jià
喪家	sāng jiā
喪服	sāng fú
喪禮	sāng lǐ
喪葬	sāng zàng
喪鐘	sāng zhōng
單調	dān diào
嗜好	shì hào
器樂	qì yuè
回應	huí yìng
因子	yīn zǐ
因應	yīn yìng
國樂	guó yuè
國都	guó dū
國難	guó nàn
園長	yuán zhǎng
團長	tuán zhǎng
土著	tǔ zhù
地處	dì chǔ
埋沒	mái mò
執著	zhí zhuó
基調	jī diào
報喪	bào sāng
報應	bào yìng
塞住	sāi zhù
塞外	sài wài
塞子	sāi zi
塞滿	sāi mǎn
塞車	sāi chē
塞進	sāi jìn
填空	tián kòng
增長	zēng zhǎng
墨子	mò zǐ
士子	shì zǐ
外傳	wài zhuàn
外子	wài zǐ
外行	wài háng
外頭	wài tou
多重	duō chóng
大夫	dài fū
大將	dà jiàng
大為	dà wéi
大難	dà nàn
天分	tiān fèn
天子	tiān zǐ
太太	tài tai
太子	tài zǐ
夫子	fū zǐ
奉還	fèng huán
奏樂	zòu yuè
奔喪	bēn sāng
奔頭	bēn tou
女子	nǚ zǐ
奶奶	nǎi nai
好動	hào dòng
好勝	hào shèng
好問	hào wèn
好奇	hào qí
好客	hào kè
好強	hào qiáng
好惡	hào wù
好戰	hào zhàn
好色	hào sè
妥當	tuǒ dàng
妹妹	mèi mei
姊姊	jiě jie
姐姐	jiě jie
姑姑	gū gu
娃娃	wá wa
婆婆	pó po
婚假	hūn jià
媽媽	mā ma
嫌惡	xián wù
嫡子	dí zǐ
子句	zǐ jù
子嗣	zǐ sì
子夜	zǐ yè
子女	zǐ nǚ
子孫	zǐ sūn
子宮	zǐ gōng
子弟	zǐ dì
子彈	zǐ dàn
子息	zǐ xí
子時	zǐ shí
子曰	zǐ yuē
子民	zǐ mín
子爵	zǐ jué
子規	zǐ guī
子音	zǐ yīn
孔子	kǒng zǐ
孝子	xiào zǐ
孟子	mèng zǐ
孢子	bāo zǐ
學子	xué zǐ
學長	xué zhǎng
守喪	shǒu sāng
安分	ān fèn
定為	dìng wéi
定都	dìng dū
宰相	zǎi xiàng
家當	jiā dàng
家長	jiā zhǎng
寒假	hán jià
射中	shè zhòng
將士	jiàng shì
將官	jiàng guān
將帥	jiàng shuài
將才	jiàng cái
將相	jiàng xiàng
將領	jiàng lǐng
專橫	zhuān hèng
對應	duì yìng
對稱	duì chèng
導彈	dǎo dàn
小將	xiǎo jiàng
小曲	xiǎo qǔ
小調	xiǎo diào
少主	shào zhǔ
少壯	shào zhuàng
少女	shào nǚ
少婦	shào fù
少將	shào jiàng
少尉	shào wèi
少年	shào nián
少林	shào lín
少校	shào xiào
少爺	shào yé
尤為	yóu wéi
局長	jú zhǎng
巨著	jù zhù
差事	chāi shì
差使	chāi shǐ
差役	chāi yì
差旅	chāi lǚ
差遣	chāi qiǎn
市長	shì zhǎng
布行	bù háng
師長	shī zhǎng
年假	nián jià
年少	nián shào
年長	nián zhǎng
床鋪	chuáng pù
序曲	xù qǔ
店鋪	diàn pù
店長	diàn zhǎng
度假	dù jià
庶子	shù zǐ
廠長	chǎng zhǎng
廣為	guǎng wéi
建都	jiàn dū
弔喪	diào sāng
弟子	dì zǐ
弟弟	dì di
強嘴	jiàng zuǐ
強求	qiǎng qiú
強調	qiáng diào
強迫	qiǎng pò
彈丸	dàn wán
彈匣	dàn xiá
彈坑	dàn kēng
彈孔	dàn kǒng
彈弓	dàn gōng
彈殼	dàn ké
彈藥	dàn yào
彈道	dàn dào
彈頭	dàn tóu
後頭	hòu tou
得主	dé zhǔ
得以	dé yǐ
得出	dé chū
得分	dé fēn
得利	dé lì
得到	dé dào
得力	dé lì
得勝	dé shèng
得名	dé míng
得失	dé shī
得宜	dé yí
得寵	dé chǒng
得志	dé zhì
得悉	dé xī
得意	dé yì
得手	dé shǒu
得救	dé jiù
得獎	dé jiǎng
得當	dé dàng
得益	dé yì
得知	dé zhī
得票	dé piào
得罪	dé zuì
得逞	dé chěng
得道	dé dào
得體	dé tǐ
從容	cōng róng
德行	dé xìng
心得	xīn dé
念頭	niàn tou
思量	sī liáng
急難	jí nàn
恰當	qià dàng
患難	huàn nàn
悶熱	mēn rè
悶聲	mēn shēng
悶頭	mēn tóu
情分	qíng fèn
情調	qíng diào
想頭	xiǎng tou
意思	yì si
愛好	ài hào
愛子	ài zǐ
感應	gǎn yìng
憎惡	zēng wù
懂得	dǒng dé
應允	yìng yǔn
應和	yìng hè
應對	yìng duì
應得	yīng dé
應徵	yìng zhēng
應急	yìng jí
應戰	yìng zhàn
應景	yìng jǐng
應用	yìng yòng
應答	yìng dá
應考	yìng kǎo
應聘	yìng pìng
應聲	yìng shēng
應試	yìng shì
應變	yìng biàn
應邀	yìng yāo
應酬	yìng chóu
應驗	yìng yàn
懶散	lǎn sǎn
成分	chéng fèn
成為	chéng wéi
成都	chéng dū
成長	chéng zhǎng
戲曲	xì qǔ
所得	suǒ dé
所長	suǒ zhǎng
手相	shǒu xiàng
才子	cái zǐ
打中	dǎ zhòng
打更	dǎ gēng
打轉	dǎ zhuàn
扮相	bàn xiàng
找著	zhǎo zháo
投降	tóu xiáng
抽空	chōu kòng
拜相	bài xiàng
拳頭	quán tou
指頭	zhǐ tou
挑唆	tiǎo suō
挑戰	tiǎo zhàn
挑撥	tiǎo bō
挑明	tiǎo míng
挑燈	tiǎo dēng
挑起	tiǎo qǐ
挑逗	tiǎo dòu
挑釁	tiǎo xìn
掂量	diān liáng
掃興	sǎo xìng
排行	pái háng
排長	pái zhǎng
接應	jiē yìng
接種	jiē zhòng
插曲	chā qǔ
搖晃	yáo huàng
摻和	chān huò
擊中	jí zhòng
操行	cāo xìng
攪和	jiǎo huò
改為	gǎi wéi
改行	gǎi háng
放假	fàng jià
效應	xiào yìng
效率	xiào lǜ
敗將	bài jiàng
敗興	bài xìng
教他	jiāo tā
教你	jiāo nǐ
教她	jiāo tā
教我	jiāo wǒ
教書	jiāo shū
散光	sǎn guāng
散兵	sǎn bīng
散文	sǎn wén
散架	sǎn jià
散漫	sǎn màn
散裝	sǎn zhuāng
數數	shǔ shù
數落	shǔ luò
數錢	shǔ qián
斜率	xié lǜ
斧頭	fǔ tou
族長	zú zhǎng
日頭	rì tou
旦角	dàn jué
明了	míng liǎo
春假	chūn jià
昭著	zhāo zhù
晃動	huàng dòng
暑假	shǔ jià
曲子	qǔ zi
曲率	qū lǜ
曲目	qǔ mù
曲藝	qǔ yì
曲調	qǔ diào
曲譜	qǔ pǔ
更動	gēng dòng
更名	gēng míng
更換	gēng huàn
更改	gēng gǎi
更新	gēng xīn
更替	gēng tì
更正	gēng zhèng
更為	gèng wéi
更衣	gēng yī
更迭	gēng dié
曾孫	zēng sūn
曾祖	zēng zǔ
最為	zuì wéi
會計	kuài jì
會長	huì zhǎng
有為	yǒu wéi
有空	yǒu kòng
服喪	fú sāng
朝夕	zhāo xì
朝暮	zhāo mù
朝會	zhāo huì
朝氣	zhāo qì
朝陽	zhāo yáng
朝霞	zhāo xiá
朝露	zhāo lù
木頭	mù tou
未了	wèi liǎo
本分	běn fèn
本行	běn háng
村長	cūn zhǎng
松子	sōng zǐ
枕頭	zhěn tou
校勘	jiào kān
校對	jiào duì
校正	jiào zhèng
校稿	jiào gǎo
校訂	jiào dìng
校長	xiào zhǎng
校閱	jiào yuè
核子	hé zǐ
核彈	hé dàn
格調	gé diào
栽種	zāi zhòng
棋子	qí zǐ
極為	jí wéi
概率	gài lǜ
槍彈	qiāng dàn
樂器	yuè qì
樂團	yuè tuán
樂壇	yuè tán
樂師	yuè shī
樂府	yuè fǔ
樂得	lè dé
樂手	yuè shǒu
樂曲	yuè qǔ
樂理	yuè lǐ
樂章	yuè zhāng
樂譜	yuè pǔ
樂迷	yuè mí
樂隊	yuè duì
樂音	yuè yīn
標的	biāo dì
機率	jī lǜ
機長	jī zhǎng
橫禍	hèng huò
橫財	hèng cái
次子	cì zǐ
歌曲	gē qǔ
步調	bù diào
武將	wǔ jiàng
歸省	guī xǐng
歸還	guī huán
死難	sǐ nàn
殉難	xùn nàn
母子	mǔ zǐ
比率	bǐ lǜ
比鄰	bì lín
民調	mín diào
氫彈	qīng dàn
水分	shuǐ fèn
求得	qiú dé
沉沒	chén mò
沉著	chén zhuó
沒收	mò shōu
沒空	méi kòng
沒落	mò luò
治喪	zhì sāng
洋相	yáng xiàng
洋行	yáng háng
活塞	huó sāi
流彈	liú dàn
浪子	làng zǐ
海參	hǎi shēn
海難	hǎi nàn
淪為	lún wéi
深為	shēn wéi
淹沒	yān mò
測量	cè liáng
湮沒	yīn mò
滋長	zī zhǎng
滴答	dī dā
漂泊	piāo bó
漂流	piāo liú
漂浮	piāo fú
漂白	piǎo bái
漂移	piāo yí
災難	zāi nàn
炮彈	pào dàn
炸彈	zhà dàn
為主	wéi zhǔ
為人	wéi rén
為伍	wéi wǔ
為力	wéi lì
為害	wéi hài
為患	wéi huàn
為政	wéi zhèng
為數	wéi shù
為期	wéi qí
為樂	wéi lè
為止	wéi zhǐ
為準	wéi zhǔn
為生	wéi shēng
為重	wéi zhòng
為限	wéi xiàn
為難	wéi nán
為首	wéi shǒu
無為	wú wéi
照應	zhào yìng
照相	zhào xiàng
營長	yíng zhǎng
父子	fù zǐ
爸爸	bà ba
爺爺	yé ye
牆縫	qiáng fèng
牛仔	niú zǎi
牽強	qiān qiǎng
犬子	quǎn zǐ
猛將	měng jiàng
猜中	cāi zhòng
猜著	cāi zháo
獨子	dú zǐ
獨處	dú chǔ
獲得	huò dé
王子	wáng zǐ
玩兒	wán r
班長	bān zhǎng
瓜子	guā zǐ
瓶塞	píng sāi
甚為	shèn wéi
甜頭	tián tou
生還	shēng huán
生長	shēng zhǎng
產假	chǎn jià
男子	nán zǐ
當作	dàng zuò
當做	dàng zuò
當成	dàng chéng
當真	dàng zhēn
當票	dàng piào
當鋪	dàng pù
病假	bìng jià
瘦削	shòu xuè
癖好	pǐ hào
發難	fā nàn
的士	dí shì
的確	dí què
盡興	jìn xìng
目的	mù dì
相應	xiāng yìng
相機	xiàng jī
相片	xiàng piàn
相簿	xiàng bù
相紙	xiàng zhǐ
相聲	xiàng shēng
相處	xiāng chǔ
相貌	xiàng mào
相館	xiàng guǎn
盼頭	pàn tou
省察	xǐng chá
省得	shěng dé
省思	xǐng sī
省悟	xǐng wù
省親	xǐng qīn
看中	kàn zhòng
看守	kān shǒu
看家	kān jiā
看相	kàn xiàng
看管	kān guǎn
看護	kān hù
看門	kān mén
看頭	kàn tou
看顧	kān gù
真相	zhēn xiàng
睡相	shuì xiàng
睡著	shuì zháo
睡覺	shuì jiào
石頭	shí tou
砲彈	pào dàn
碼頭	mǎ tou
社長	shè zhǎng
福分	fú fèn
福相	fú xiàng
禮樂	lǐ yuè
私了	sī liǎo
科長	kē zhǎng
稅率	shuì lǜ
稚子	zhì zǐ
種地	zhòng dì
種子	zhǒng zǐ
種植	zhòng zhí
種樹	zhòng shù
種田	zhòng tián
種花	zhòng huā
種菜	zhòng cài
稱心	chèng xīn
稱為	chēng wéi
稱職	chèng zhí
積累	jī lěi
穩當	wěn dàng
空位	kòng wèi
空地	kòng dì
空暇	kòng xiá
空格	kòng gé
空白	kòng bái
空缺	kòng quē
空閒	kòng xián
空隙	kòng xì
空難	kōng nàn
穿著	chuān zhuó
站長	zhàn zhǎng
童子	tóng zǐ
筆調	bǐ diào
答應	dā yìng
答理	dā lǐ
答腔	dā qiāng
簽署	qiān shù
米行	mǐ háng
粒子	lì zǐ
精子	jīng zǐ
糖分	táng fèn
累加	lěi jiā
累次	lěi cì
累犯	lěi fàn
累積	lěi jī
累計	lěi jì
累進	lěi jìn
終了	zhōng liǎo
組長	zǔ zhǎng
給予	jǐ yǔ
給付	jǐ fù
給與	jǐ yǔ
給養	jǐ yǎng
經傳	jīng zhuàn
緣分	yuán fèn
編著	biān zhù
縣長	xiàn zhǎng
縫隙	fèng xì
縱橫	zōng héng
總行	zǒng háng
罐頭	guàn tou
署名	shù míng
罹難	lí nàn
老少	lǎo shào
考中	kǎo zhòng
耕種	gēng zhòng
耳塞	ěr sāi
聲樂	shēng yuè
聲調	shēng diào
腔調	qiāng diào
膠著	jiāo zhuó
臣子	chén zǐ
自傳	zì zhuàn
自得	zì dé
自省	zì xǐng
自轉	zì zhuàn
舅舅	jiù jiu
興味	xìng wèi
興致	xìng zhì
興趣	xìng qù
舌頭	shé tou
舞曲	wǔ qǔ
舟子	zhōu zǐ
船長	chuán zhǎng
艦長	jiàn zhǎng
良將	liáng jiàng
色調	sè diào
芋頭	yù tou
苦差	kǔ chāi
苦難	kǔ nàn
苦頭	kǔ tou
茶行	chá háng
荀子	xún zǐ
莊子	zhuāng zǐ
萬重	wàn chóng
落得	luò dé
落難	luò nàn
著作	zhù zuò
著力	zhuó lì
著名	zhù míng
著墨	zhuó mò
著實	zhuó shí
著急	zhāo jí
著想	zháo xiǎng
著手	zhuó shǒu
著書	zhù shū
著涼	zhāo liáng
著火	zháo huǒ
著眼	zhuó yǎn
著稱	zhù chēng
著色	zhuó sè
著落	zhuó luò
著述	zhù shù
著迷	zháo mí
著重	zhuó zhòng
著陸	zhuó lù
著魔	zháo mó
蒙難	méng nàn
蓮子	lián zǐ
薄荷	bò hé
虎將	hǔ jiàng
處世	chǔ shì
處事	chǔ shì
處分	chǔ fèn
處刑	chǔ xíng
處境	chǔ jìng
處女	chǔ nǚ
處方	chǔ fāng
處於	chǔ yú
處死	chǔ sǐ
處決	chǔ jué
處理	chǔ lǐ
處置	chǔ zhì
處罰	chǔ fá
處長	chù zhǎng
號叫	háo jiào
號哭	háo kū
蠻橫	mán hèng
行伍	háng wǔ
行列	háng liè
行家	háng jiā
行情	háng qíng
行會	háng huì
行業	háng yè
行為	xíng wéi
行當	háng dang
行號	háng hào
行規	háng guī
行話	háng huà
行距	háng jù
行長	háng zhǎng
衡量	héng liáng
衣著	yī zhuó
裂縫	liè fèng
補假	bǔ jià
補給	bǔ jǐ
裡頭	lǐ tou
要塞	yào sài
覆沒	fù mò
視為	shì wéi
角色	jué sè
評為	píng wéi
詞曲	cí qǔ
認為	rèn wéi
語調	yǔ diào
調任	diào rèn
調兵	diào bīng
調動	diào dòng
調包	diào bāo
調度	diào dù
調換	diào huàn
調查	diào chá
調派	diào pài
調職	diào zhí
調遣	diào qiǎn
調閱	diào yuè
請假	qǐng jià
論著	lùn zhù
論調	lùn diào
謝謝	xiè xie
譯著	yì zhù
議長	yì zhǎng
譽為	yù wéi
變更	biàn gēng
變為	biàn wéi
變相	biàn xiàng
負荷	fù hè
責難	zé nàn
賣相	mài xiàng
質子	zhí zǐ
贏得	yíng dé
赤子	chì zǐ
身分	shēn fèn
身為	shēn wéi
身處	shēn chǔ
車行	chē háng
軍長	jūn zhǎng
較為	jiào wéi
輔相	fǔ xiàng
輩分	bèi fèn
轉圈	zhuàn quān
轉為	zhuǎn wéi
返還	fǎn huán
退還	tuì huán
送還	sòng huán
逃難	táo nàn
逆子	nì zǐ
這兒	zhè r
速率	sù lǜ
連假	lián jià
連長	lián zhǎng
遇難	yù nàn
遊子	yóu zǐ
遊興	yóu xìng
過分	guò fèn
適應	shì yìng
適當	shì dàng
遷都	qiān dū
選中	xuǎn zhòng
選為	xuǎn wéi
遺著	yí zhù
避難	bì nàn
還俗	huán sú
還債	huán zhài
還價	huán jià
還原	huán yuán
還手	huán shǒu
還擊	huán jí
還書	huán shū
還本	huán běn
還清	huán qīng
還禮	huán lǐ
還給	huán gěi
還鄉	huán xiāng
還錢	huán qián
還願	huán yuàn
邊塞	biān sài
那兒	nà r
部分	bù fèn
部署	bù shù
部長	bù zhǎng
郵差	yóu chāi
都城	dū chéng
都市	dū shì
都會	dū huì
都督	dū dū
鄉長	xiāng zhǎng
酋長	qiú zhǎng
配樂	pèi yuè
配給	pèi jǐ
配角	pèi jué
里長	lǐ zhǎng
重來	chóng lái
重修	chóng xiū
重做	chóng zuò
重印	chóng yìn
重唱	chóng chàng
重回	chóng huí
重圍	chóng wéi
重奏	chóng zòu
重審	chóng shěn
重寫	chóng xiě
重建	chóng jiàn
重慶	chóng qìng
重拾	chóng shí
重振	chóng zhèn
重播	chóng bò
重整	chóng zhěng
重新	chóng xīn
重洋	chóng yáng
重溫	chóng wēn
重演	chóng yǎn
重燃	chóng rán
重現	chóng xiàn
重生	chóng shēng
重申	chóng shēn
重疊	chóng dié
重組	chóng zǔ
重考	chóng kǎo
重複	chóng fù
重訂	chóng dìng
重讀	chóng dú
重返	chóng fǎn
重逢	chóng féng
重重	chóng chóng
重開	chóng kāi
重陽	chóng yáng
量具	liáng jù
量子	liàng zǐ
量杯	liáng bēi
量筒	liáng tǒng
量身	liáng shēn
銀行	yín háng
鋤頭	chú tou
鋪位	pù wèi
鋪子	pù zi
鎮長	zhèn zhǎng
鑰匙	yào shi
長兄	zhǎng xiōng
長出	zhǎng chū
長大	zhǎng dà
長女	zhǎng nǚ
長子	zhǎng zǐ
長孫	zhǎng sūn
長官	zhǎng guān
長成	zhǎng chéng
長滿	zhǎng mǎn
長相	zhǎng xiàng
長老	zhǎng lǎo
長者	zhǎng zhě
長胖	zhǎng pàng
長輩	zhǎng bèi
長進	zhǎng jìn
長高	zhǎng gāo
門縫	mén fèng
閒散	xián sǎn
閒空	xián kòng
間或	jiàn huò
間接	jiàn jiē
間斷	jiàn duàn
間歇	jiàn xiē
間諜	jiàn dié
間距	jiàn jù
間隔	jiàn gé
間隙	jiàn xì
附和	fù hè
附著	fù zhuó
降伏	xiáng fú
院長	yuàn zhǎng
隊長	duì zhǎng
隨從	suí zòng
隱沒	yǐn mò
雅樂	yǎ yuè
雅興	yǎ xìng
雙重	shuāng chóng
離子	lí zǐ
離間	lí jiàn
難友	nàn yǒu
難得	nán dé
難民	nàn mín
零散	líng sǎn
電子	diàn zǐ
露出	lòu chū
露底	lòu dǐ
露臉	lòu liǎn
露面	lòu miàn
露餡	lòu xiàn
非分	fēi fèn
非難	fēi nàn
面相	miàn xiàng
音樂	yīn yuè
音調	yīn diào
響應	xiǎng yìng
順應	shùn yìng
頗為	pǒ wéi
頻率	pín lǜ
顯著	xiǎn zhù
飛彈	fēi dàn
飯鋪	fàn pù
養分	yǎng fèn
養子	yǎng zǐ
館長	guǎn zhǎng
饅頭	mán tou
首相	shǒu xiàng
首都	shǒu dū
首長	shǒu zhǎng
驕橫	jiāo hèng
骨頭	gú tou
高興	gāo xìng
高調	gāo diào
鬆散	sōng sǎn
鹽分	yán fèn
麻將	má jiàng
點將	diǎn jiàng
