# word	pinyin — 自建詞表展開後的完整讀音
子女	zǐ nǚ
子孫	zǐ sūn
子夜	zǐ yè
子弟	zǐ dì
子民	zǐ mín
子宮	zǐ gōng
子音	zǐ yīn
子句	zǐ jù
子時	zǐ shí
子午線	zǐ wǔ xiàn
子虛烏有	zǐ xū wū yǒu
孔子	kǒng zǐ
孟子	mèng zǐ
莊子	zhuāng zǐ
荀子	xún zǐ
墨子	mò zǐ
韓非子	hán fēi zǐ
君子	jūn zǐ
天子	tiān zǐ
太子	tài zǐ
王子	wáng zǐ
公子	gōng zǐ
夫子	fū zǐ
弟子	dì zǐ
父子	fù zǐ
母子	mǔ zǐ
男子	nán zǐ
女子	nǚ zǐ
才子	cái zǐ
遊子	yóu zǐ
浪子	làng zǐ
赤子	chì zǐ
獨子	dú zǐ
長子	zhǎng zǐ
次子	cì zǐ
養子	yǎng zǐ
孝子	xiào zǐ
臣子	chén zǐ
學子	xué zǐ
原子	yuán zǐ
分子	fēn zǐ
電子	diàn zǐ
質子	zhí zǐ
中子	zhōng zǐ
離子	lí zǐ
粒子	lì zǐ
光子	guāng zǐ
量子	liàng zǐ
核子	hé zǐ
因子	yīn zǐ
種子	zhǒng zǐ
瓜子	guā zǐ
蓮子	lián zǐ
松子	sōng zǐ
精子	jīng zǐ
卵子	luǎn zǐ
孢子	bāo zǐ
棋子	qí zǐ
知識分子	zhī shì fèn zǐ
電子郵件	diàn zǐ yóu jiàn
獨生子	dú shēng zǐ
妻離子散	qī lí zǐ sàn
成為	chéng wéi
認為	rèn wéi
以為	yǐ wéi
作為	zuò wéi
行為	xíng wéi
稱為	chēng wéi
視為	shì wéi
變為	biàn wéi
化為	huà wéi
淪為	lún wéi
列為	liè wéi
定為	dìng wéi
選為	xuǎn wéi
分為	fēn wéi
改為	gǎi wéi
評為	píng wéi
譽為	yù wéi
更為	gèng wéi
較為	jiào wéi
極為	jí wéi
甚為	shèn wéi
頗為	pǒ wéi
最為	zuì wéi
尤為	yóu wéi
廣為	guǎng wéi
互為	hù wéi
身為	shēn wéi
人為	rén wéi
有為	yǒu wéi
無為	wú wéi
為止	wéi zhǐ
為主	wéi zhǔ
為首	wéi shǒu
為期	wéi qí
為人	wéi rén
為難	wéi nán
為伍	wéi wǔ
為生	wéi shēng
為準	wéi zhǔn
為重	wéi zhòng
為限	wéi xiàn
為患	wéi huàn
為害	wéi hài
為樂	wéi lè
為非作歹	wéi fēi zuò dǎi
胡作非為	hú zuò fēi wéi
所作所為	suǒ zuò suǒ wéi
見義勇為	jiàn yì yǒng wéi
為所欲為	wéi suǒ yù wéi
無能為力	wú néng wéi lì
大有可為	dà yǒu kě wéi
事在人為	shì zài rén wéi
為人師表	wéi rén shī biǎo
為時已晚	wéi shí yǐ wǎn
一分為二	yī fēn wéi èr
轉危為安	zhuǎn wéi wéi ān
化險為夷	huà xiǎn wéi yí
指鹿為馬	zhǐ lù wéi mǎ
以此為	yǐ cǐ wéi
得到	dé dào
獲得	huò dé
取得	qǔ dé
贏得	yíng dé
博得	bó dé
求得	qiú dé
所得	suǒ dé
應得	yīng dé
心得	xīn dé
難得	nán dé
懂得	dǒng dé
使得	shǐ dé
省得	shěng dé
樂得	lè dé
落得	luò dé
得知	dé zhī
得意	dé yì
得分	dé fēn
得獎	dé jiǎng
得失	dé shī
得勝	dé shèng
得逞	dé chěng
得罪	dé zuì
得體	dé tǐ
得力	dé lì
得手	dé shǒu
得救	dé jiù
得主	dé zhǔ
得以	dé yǐ
得益	dé yì
得寵	dé chǒng
得當	dé dàng
得志	dé zhì
得道	dé dào
得名	dé míng
得出	dé chū
得票	dé piào
得悉	dé xī
得天獨厚	dé tiān dú hòu
得不償失	dé bù cháng shī
得心應手	dé xīn yìng shǒu
得過且過	dé guò qiě guò
得意忘形	dé yì wàng xíng
得寸進尺	dé cùn jìn chǐ
自得	zì dé
一舉兩得	yī jǔ liǎng dé
相得益彰	xiāng dé yì zhāng
洋洋得意	yáng yáng dé yì
自鳴得意	zì míng dé yì
失而復得	shī ér fù dé
不可多得	bù kě duō dé
各得其所	gè dé qí suǒ
不得不	bù dé bù
不得已	bù dé yǐ
不得了	bù dé liǎo
了不得	liǎo bù de
得來不易	dé lái bù yì
得來全不費工夫	dé lái quán bù fèi gōng fū
慢慢地	màn màn de
輕輕地	qīng qīng de
悄悄地	qiǎo qiǎo de
靜靜地	jìng jìng de
默默地	mò mò de
緊緊地	jǐn jǐn de
好好地	hǎo hǎo de
深深地	shēn shēn de
漸漸地	jiàn jiàn de
偷偷地	tōu tōu de
狠狠地	hěn hěn de
遠遠地	yuǎn yuǎn de
高高地	gāo gāo de
大大地	dà dà de
早早地	zǎo zǎo de
甜甜地	tián tián de
呆呆地	dāi dāi de
傻傻地	shǎ shǎ de
靜悄悄地	jìng qiǎo qiǎo de
開心地	kāi xīn de
高興地	gāo xìng de
認真地	rèn zhēn de
仔細地	zǐ xì de
努力地	nǔ lì de
大聲地	dà shēng de
小聲地	xiǎo shēng de
小心地	xiǎo xīn de
不停地	bù tíng de
不斷地	bù duàn de
快樂地	kuài lè de
興奮地	xīng fèn de
耐心地	nài xīn de
熱情地	rè qíng de
用力地	yòng lì de
突然地	tú rán de
自然地	zì rán de
飛快地	fēi kuài de
緩緩地	huǎn huǎn de
輕快地	qīng kuài de
逐漸地	zhú jiàn de
迅速地	xùn sù de
驚訝地	jīng yà de
生氣地	shēng qì de
溫柔地	wēn róu de
安靜地	ān jìng de
輕鬆地	qīng sōng de
盡情地	jìn qíng de
拚命地	pàn mìng de
勇敢地	yǒng gǎn de
緊張地	jǐn zhāng de
害怕地	hài pà de
好奇地	hào qí de
得意地	dé yì de
滿意地	mǎn yì de
難過地	nán guò de
傷心地	shāng xīn de
不知不覺地	bù zhī bù jué de
情不自禁地	qíng bù zì jīn de
自言自語地	zì yán zì yǔ de
高高興興地	gāo gāo xìng xìng de
快快樂樂地	kuài kuài lè lè de
急急忙忙地	jí jí máng máng de
一步一步地	yī bù yī bù de
自然地理	zì rán dì lǐ
高興地說	gāo xìng de shuō
目的	mù dì
目的地	mù dì dì
標的	biāo dì
眾矢之的	zhòng shǐ zhī dì
有的放矢	yǒu dì fàng shǐ
無的放矢	wú dì fàng shǐ
一語中的	yī yǔ zhòng dì
的確	dí què
的士	dí shì
了解	liǎo jiě
了不起	liǎo bù qǐ
了結	liǎo jié
了事	liǎo shì
了然	liǎo rán
了卻	liǎo què
了無	liǎo wú
了悟	liǎo wù
明了	míng liǎo
一目了然	yī mù liǎo rán
不了了之	bù liǎo liǎo zhī
未了	wèi liǎo
私了	sī liǎo
終了	zhōng liǎo
受不了	shòu bù liǎo
吃不了	chī bù liǎo
走不了	zǒu bù liǎo
跑不了	pǎo bù liǎo
少不了	shǎo bù liǎo
免不了	miǎn bù liǎo
忘不了	wàng bù liǎo
好不了	hǎo bù liǎo
做不了	zuò bù liǎo
去不了	qù bù liǎo
來不了	lái bù liǎo
不得了呀	bù dé liǎo ya
著作	zhù zuò
著名	zhù míng
顯著	xiǎn zhù
著稱	zhù chēng
名著	míng zhù
原著	yuán zhù
巨著	jù zhù
著述	zhù shù
著書	zhù shū
論著	lùn zhù
編著	biān zhù
土著	tǔ zhù
昭著	zhāo zhù
卓著	zhuó zhù
遺著	yí zhù
譯著	yì zhù
著作權	zhù zuò quán
著手	zhuó shǒu
著重	zhuó zhòng
著眼	zhuó yǎn
著想	zháo xiǎng
著落	zhuó luò
著陸	zhuó lù
著色	zhuó sè
著力	zhuó lì
著墨	zhuó mò
著實	zhuó shí
穿著	chuān zhuó
衣著	yī zhuó
執著	zhí zhuó
附著	fù zhuó
沉著	chén zhuó
膠著	jiāo zhuó
不著邊際	bù zhuó biān jì
睡著	shuì zháo
著急	zhāo jí
著火	zháo huǒ
著涼	zhāo liáng
著迷	zháo mí
著魔	zháo mó
找著	zhǎo zháo
猜著	cāi zháo
用不著	yòng bù zháo
犯不著	fàn bù zháo
摸不著	mō bù zháo
睡不著	shuì bù zháo
找不著	zhǎo bù zháo
見不著	jiàn bù zháo
長大	zhǎng dà
成長	chéng zhǎng
生長	shēng zhǎng
增長	zēng zhǎng
滋長	zī zhǎng
助長	zhù zhǎng
長進	zhǎng jìn
長出	zhǎng chū
長高	zhǎng gāo
長胖	zhǎng pàng
長滿	zhǎng mǎn
長成	zhǎng chéng
長相	zhǎng xiàng
長輩	zhǎng bèi
長老	zhǎng lǎo
長者	zhǎng zhě
長官	zhǎng guān
長孫	zhǎng sūn
長女	zhǎng nǚ
長兄	zhǎng xiōng
年長	nián zhǎng
家長	jiā zhǎng
校長	xiào zhǎng
班長	bān zhǎng
部長	bù zhǎng
市長	shì zhǎng
縣長	xiàn zhǎng
院長	yuàn zhǎng
局長	jú zhǎng
處長	chù zhǎng
組長	zǔ zhǎng
社長	shè zhǎng
首長	shǒu zhǎng
師長	shī zhǎng
兄長	xiōng zhǎng
學長	xué zhǎng
族長	zú zhǎng
酋長	qiú zhǎng
船長	chuán zhǎng
機長	jī zhǎng
隊長	duì zhǎng
團長	tuán zhǎng
營長	yíng zhǎng
連長	lián zhǎng
排長	pái zhǎng
軍長	jūn zhǎng
艦長	jiàn zhǎng
里長	lǐ zhǎng
鄉長	xiāng zhǎng
鎮長	zhèn zhǎng
村長	cūn zhǎng
議長	yì zhǎng
會長	huì zhǎng
館長	guǎn zhǎng
所長	suǒ zhǎng
科長	kē zhǎng
站長	zhàn zhǎng
店長	diàn zhǎng
廠長	chǎng zhǎng
園長	yuán zhǎng
董事長	dǒng shì zhǎng
秘書長	mì shū zhǎng
行長	háng zhǎng
拔苗助長	bá miáo zhù zhǎng
揠苗助長	yà miáo zhù zhǎng
土生土長	tǔ shēng tǔ zhǎng
教學相長	jiào xué xiāng zhǎng
反應	fǎn yìng
回應	huí yìng
答應	dā yìng
適應	shì yìng
應用	yìng yòng
應對	yìng duì
應酬	yìng chóu
應變	yìng biàn
應徵	yìng zhēng
應聘	yìng pìng
應邀	yìng yāo
應驗	yìng yàn
應聲	yìng shēng
對應	duì yìng
供應	gōng yìng
感應	gǎn yìng
呼應	hū yìng
響應	xiǎng yìng
照應	zhào yìng
相應	xiāng yìng
效應	xiào yìng
順應	shùn yìng
因應	yīn yìng
報應	bào yìng
接應	jiē yìng
應考	yìng kǎo
應試	yìng shì
應戰	yìng zhàn
應急	yìng jí
應景	yìng jǐng
應答	yìng dá
應允	yìng yǔn
應和	yìng hè
應接不暇	yìng jiē bù xiá
應運而生	yìng yùn ér shēng
有求必應	yǒu qiú bì yìng
裡應外合	lǐ yìng wài hé
應用程式	yìng yòng chéng shì
石頭	shí tou
木頭	mù tou
骨頭	gú tou
舌頭	shé tou
饅頭	mán tou
枕頭	zhěn tou
拳頭	quán tou
指頭	zhǐ tou
念頭	niàn tou
甜頭	tián tou
苦頭	kǔ tou
裡頭	lǐ tou
外頭	wài tou
上頭	shàng tou
前頭	qián tou
後頭	hòu tou
鋤頭	chú tou
斧頭	fǔ tou
芋頭	yù tou
丫頭	yā tou
看頭	kàn tou
盼頭	pàn tou
來頭	lái tou
日頭	rì tou
手指頭	shǒu zhǐ tou
相片	xiàng piàn
照相	zhào xiàng
相機	xiàng jī
照相機	zhào xiàng jī
首相	shǒu xiàng
宰相	zǎi xiàng
丞相	chéng xiàng
真相	zhēn xiàng
面相	miàn xiàng
手相	shǒu xiàng
看相	kàn xiàng
相聲	xiàng shēng
亮相	liàng xiàng
扮相	bàn xiàng
吃相	chī xiàng
睡相	shuì xiàng
賣相	mài xiàng
相貌	xiàng mào
福相	fú xiàng
變相	biàn xiàng
相簿	xiàng bù
相館	xiàng guǎn
可憐相	kě lián xiàng
重新	chóng xīn
重複	chóng fù
重來	chóng lái
重逢	chóng féng
重疊	chóng dié
重建	chóng jiàn
重申	chóng shēn
重修	chóng xiū
重播	chóng bò
重演	chóng yǎn
重返	chóng fǎn
重整	chóng zhěng
重溫	chóng wēn
重生	chóng shēng
重現	chóng xiàn
重做	chóng zuò
重寫	chóng xiě
重讀	chóng dú
重考	chóng kǎo
重組	chóng zǔ
重印	chóng yìn
重唱	chóng chàng
重奏	chóng zòu
重陽	chóng yáng
重慶	chóng qìng
重振	chóng zhèn
重拾	chóng shí
重回	chóng huí
重訂	chóng dìng
重審	chóng shěn
重開	chóng kāi
重燃	chóng rán
重圍	chóng wéi
重洋	chóng yáng
重重	chóng chóng
雙重	shuāng chóng
多重	duō chóng
九重	jiǔ chóng
萬重	wàn chóng
重蹈覆轍	chóng dào fù chè
重見天日	chóng jiàn tiān rì
重整旗鼓	chóng zhěng qí gǔ
重溫舊夢	chóng wēn jiù mèng
重操舊業	chóng cāo jiù yè
重歸於好	chóng guī yú hǎo
重巒疊嶂	chóng luán dié zhàng
困難重重	kùn nán chóng chóng
心事重重	xīn shì chóng chóng
重新開始	chóng xīn kāi shǐ
銀行	yín háng
行業	háng yè
行列	háng liè
同行	tóng háng
內行	nèi háng
外行	wài háng
行家	háng jiā
行情	háng qíng
行號	háng hào
商行	shāng háng
車行	chē háng
洋行	yáng háng
分行	fēn háng
總行	zǒng háng
本行	běn háng
改行	gǎi háng
排行	pái háng
排行榜	pái háng bǎng
行距	háng jù
行伍	háng wǔ
行當	háng dang
行規	háng guī
行話	háng huà
行會	háng huì
米行	mǐ háng
布行	bù háng
茶行	chá háng
各行各業	gè háng gè yè
行行出狀元	háng háng chū zhuàng yuán
三百六十行	sān bǎi liù shí háng
一目十行	yī mù shí háng
字裡行間	zì lǐ háng jiān
品行	pǐn xìng
德行	dé xìng
操行	cāo xìng
銀行家	yín háng jiā
處理	chǔ lǐ
相處	xiāng chǔ
處分	chǔ fèn
處罰	chǔ fá
處置	chǔ zhì
處境	chǔ jìng
處世	chǔ shì
處事	chǔ shì
處方	chǔ fāng
處女	chǔ nǚ
處決	chǔ jué
處於	chǔ yú
處死	chǔ sǐ
處刑	chǔ xíng
獨處	dú chǔ
共處	gòng chǔ
身處	shēn chǔ
地處	dì chǔ
處心積慮	chǔ xīn jī lǜ
設身處地	shè shēn chǔ dì
和平共處	hé píng gòng chǔ
處之泰然	chǔ zhī tài rán
泰然處之	tài rán chǔ zhī
處變不驚	chǔ biàn bù jīng
處理器	chǔ lǐ qì
音樂	yīn yuè
樂器	yuè qì
樂團	yuè tuán
樂隊	yuè duì
樂曲	yuè qǔ
樂章	yuè zhāng
樂譜	yuè pǔ
樂手	yuè shǒu
樂師	yuè shī
樂府	yuè fǔ
樂理	yuè lǐ
奏樂	zòu yuè
國樂	guó yuè
聲樂	shēng yuè
器樂	qì yuè
雅樂	yǎ yuè
禮樂	lǐ yuè
配樂	pèi yuè
樂壇	yuè tán
樂迷	yuè mí
樂音	yuè yīn
爵士樂	jué shì yuè
管弦樂	guǎn xián yuè
交響樂	jiāo xiǎng yuè
搖滾樂	yáo gǔn yuè
音樂會	yīn yuè huì
音樂家	yīn yuè jiā
流行音樂	liú xíng yīn yuè
部分	bù fèn
成分	chéng fèn
身分	shēn fèn
本分	běn fèn
過分	guò fèn
充分	chōng fèn
分量	fèn liàng
分外	fèn wài
天分	tiān fèn
緣分	yuán fèn
情分	qíng fèn
名分	míng fèn
福分	fú fèn
安分	ān fèn
分內	fèn nèi
水分	shuǐ fèn
養分	yǎng fèn
鹽分	yán fèn
糖分	táng fèn
輩分	bèi fèn
非分	fēi fèn
大部分	dà bù fèn
一部分	yī bù fèn
身分證	shēn fèn zhèng
安分守己	ān fèn shǒu jǐ
災難	zāi nàn
苦難	kǔ nàn
患難	huàn nàn
遇難	yù nàn
罹難	lí nàn
避難	bì nàn
逃難	táo nàn
難民	nàn mín
落難	luò nàn
危難	wéi nàn
國難	guó nàn
空難	kōng nàn
海難	hǎi nàn
蒙難	méng nàn
受難	shòu nàn
殉難	xùn nàn
劫難	jié nàn
大難	dà nàn
責難	zé nàn
發難	fā nàn
非難	fēi nàn
死難	sǐ nàn
急難	jí nàn
難友	nàn yǒu
排難解紛	pái nàn jiě fēn
大難不死	dà nàn bù sǐ
患難之交	huàn nàn zhī jiāo
子彈	zǐ dàn
炸彈	zhà dàn
砲彈	pào dàn
炮彈	pào dàn
飛彈	fēi dàn
導彈	dǎo dàn
彈藥	dàn yào
彈頭	dàn tóu
彈道	dàn dào
槍彈	qiāng dàn
彈丸	dàn wán
彈弓	dàn gōng
彈孔	dàn kǒng
彈殼	dàn ké
彈匣	dàn xiá
彈坑	dàn kēng
中彈	zhòng dàn
流彈	liú dàn
手榴彈	shǒu liú dàn
原子彈	yuán zǐ dàn
核彈	hé dàn
氫彈	qīng dàn
煙霧彈	yān wù dàn
催淚彈	cuī lèi dàn
槍林彈雨	qiāng lín dàn yǔ
彈盡援絕	dàn jìn yuán jué
歌曲	gē qǔ
曲子	qǔ zi
作曲	zuò qǔ
曲目	qǔ mù
戲曲	xì qǔ
名曲	míng qǔ
舞曲	wǔ qǔ
小曲	xiǎo qǔ
曲調	qǔ diào
曲譜	qǔ pǔ
詞曲	cí qǔ
元曲	yuán qǔ
序曲	xù qǔ
插曲	chā qǔ
曲藝	qǔ yì
主題曲	zhǔ tí qǔ
進行曲	jìn xíng qǔ
圓舞曲	yuán wǔ qǔ
奏鳴曲	zòu míng qǔ
協奏曲	xié zòu qǔ
交響曲	jiāo xiǎng qǔ
作曲家	zuò qǔ jiā
曲高和寡	qǔ gāo hè guǎ
效率	xiào lǜ
比率	bǐ lǜ
機率	jī lǜ
頻率	pín lǜ
利率	lì lǜ
匯率	huì lǜ
稅率	shuì lǜ
速率	sù lǜ
功率	gōng lǜ
概率	gài lǜ
斜率	xié lǜ
曲率	qū lǜ
圓周率	yuán zhōu lǜ
百分率	bǎi fēn lǜ
出生率	chū shēng lǜ
死亡率	sǐ wáng lǜ
失業率	shī yè lǜ
成功率	chéng gōng lǜ
命中率	mìng zhòng lǜ
收視率	shōu shì lǜ
投票率	tóu piào lǜ
就業率	jiù yè lǜ
錄取率	lù qǔ lǜ
升學率	shēng xué lǜ
識字率	shì zì lǜ
使用率	shǐ yòng lǜ
普及率	pǔ jí lǜ
準確率	zhǔn què lǜ
正確率	zhèng què lǜ
發生率	fā shēng lǜ
成長率	chéng zhǎng lǜ
增長率	zēng zhǎng lǜ
將領	jiàng lǐng
將士	jiàng shì
大將	dà jiàng
名將	míng jiàng
主將	zhǔ jiàng
武將	wǔ jiàng
猛將	měng jiàng
良將	liáng jiàng
上將	shàng jiàng
中將	zhōng jiàng
少將	shào jiàng
敗將	bài jiàng
小將	xiǎo jiàng
麻將	má jiàng
將帥	jiàng shuài
將官	jiàng guān
將才	jiàng cái
虎將	hǔ jiàng
點將	diǎn jiàng
損兵折將	sǔn bīng zhé jiàng
還原	huán yuán
還給	huán gěi
歸還	guī huán
償還	cháng huán
還債	huán zhài
還錢	huán qián
還手	huán shǒu
還擊	huán jí
還價	huán jià
還鄉	huán xiāng
還俗	huán sú
還願	huán yuàn
還禮	huán lǐ
還清	huán qīng
送還	sòng huán
退還	tuì huán
交還	jiāo huán
返還	fǎn huán
奉還	fèng huán
生還	shēng huán
還書	huán shū
還本	huán běn
討價還價	tǎo jià huán jià
以牙還牙	yǐ yá huán yá
衣錦還鄉	yì jǐn huán xiāng
返老還童	fǎn lǎo huán tóng
上當	shàng dàng
適當	shì dàng
恰當	qià dàng
妥當	tuǒ dàng
穩當	wěn dàng
當作	dàng zuò
當成	dàng chéng
當做	dàng zuò
當真	dàng zhēn
典當	diǎn dàng
當鋪	dàng pù
勾當	gòu dàng
家當	jiā dàng
停當	tíng dàng
不當	bù dàng
當票	dàng piào
倒是	dào shì
倒水	dào shuǐ
倒退	dào tuì
倒數	dào shǔ
倒立	dào lì
倒影	dào yǐng
倒車	dào chē
倒茶	dào chá
倒酒	dào jiǔ
倒掛	dào guà
倒轉	dào zhuǎn
倒置	dào zhì
倒敘	dào xù
倒貼	dào tiē
倒入	dào rù
倒出	dào chū
倒也	dào yě
反倒	fǎn dào
倒垃圾	dào lè sè
倒過來	dào guò lái
倒數計時	dào shǔ jì shí
倒行逆施	dào xíng nì shī
倒背如流	dào bèi rú liú
倒果為因	dào guǒ wéi yīn
中獎	zhòng jiǎng
中毒	zhòng dú
中暑	zhòng shǔ
中選	zhòng xuǎn
中肯	zhòng kěn
中意	zhòng yì
中計	zhòng jì
中風	zhòng fēng
中標	zhòng biāo
看中	kàn zhòng
猜中	cāi zhòng
打中	dǎ zhòng
射中	shè zhòng
命中	mìng zhòng
擊中	jí zhòng
考中	kǎo zhòng
選中	xuǎn zhòng
切中	qiè zhòng
百發百中	bǎi fā bǎi zhòng
正中下懷	zhèng zhòng xià huái
好奇	hào qí
好客	hào kè
好動	hào dòng
好勝	hào shèng
好強	hào qiáng
好戰	hào zhàn
好問	hào wèn
好色	hào sè
愛好	ài hào
喜好	xǐ hào
嗜好	shì hào
偏好	piān hào
癖好	pǐ hào
同好	tóng hào
好惡	hào wù
好奇心	hào qí xīn
好吃懶做	hào chī lǎn zuò
好高騖遠	hào gāo wù yuǎn
好逸惡勞	hào yì wù láo
好大喜功	hào dà xǐ gōng
好為人師	hào wéi rén shī
更新	gēng xīn
更改	gēng gǎi
更換	gēng huàn
更正	gēng zhèng
變更	biàn gēng
更動	gēng dòng
更替	gēng tì
更衣	gēng yī
更迭	gēng dié
更名	gēng míng
打更	dǎ gēng
三更	sān gēng
五更	wǔ gēng
更年期	gēng nián qí
自力更生	zì lì gēng shēng
萬象更新	wàn xiàng gēng xīn
半夜三更	bàn yè sān gēng
少不更事	shào bù gēng shì
放假	fàng jià
請假	qǐng jià
假期	jià qí
假日	jià rì
寒假	hán jià
暑假	shǔ jià
休假	xiū jià
病假	bìng jià
事假	shì jià
婚假	hūn jià
產假	chǎn jià
年假	nián jià
連假	lián jià
度假	dù jià
春假	chūn jià
補假	bǔ jià
例假	lì jià
公假	gōng jià
喪假	sāng jià
假條	jià tiáo
高興	gāo xìng
興趣	xìng qù
興致	xìng zhì
掃興	sǎo xìng
助興	zhù xìng
盡興	jìn xìng
即興	jí xìng
興味	xìng wèi
雅興	yǎ xìng
遊興	yóu xìng
敗興	bài xìng
乘興	chéng xìng
興高采烈	xìng gāo cǎi liè
興致勃勃	xìng zhì bó bó
興沖沖	xìng chōng chōng
高高興興	gāo gāo xìng xìng
少年	shào nián
少女	shào nǚ
少爺	shào yé
少婦	shào fù
老少	lǎo shào
年少	nián shào
少校	shào xiào
少尉	shào wèi
少壯	shào zhuàng
少林	shào lín
少主	shào zhǔ
青少年	qīng shào nián
少奶奶	shào nǎi nai
沒收	mò shōu
淹沒	yān mò
埋沒	mái mò
沉沒	chén mò
出沒	chū mò
覆沒	fù mò
湮沒	yīn mò
隱沒	yǐn mò
吞沒	tūn mò
沒落	mò luò
沒齒難忘	mò chǐ nán wàng
全軍覆沒	quán jūn fù mò
神出鬼沒	shén chū guǐ mò
出差	chū chāi
差事	chāi shì
差使	chāi shǐ
郵差	yóu chāi
差遣	chāi qiǎn
差役	chāi yì
信差	xìn chāi
交差	jiāo chāi
差旅	chāi lǚ
苦差	kǔ chāi
參差	cēn cī
參差不齊	cēn cī bù qí
供給	gōng jǐ
給予	jǐ yǔ
配給	pèi jǐ
補給	bǔ jǐ
給付	jǐ fù
給與	jǐ yǔ
給養	jǐ yǎng
自給自足	zì jǐ zì zú
目不暇給	mù bù xiá jǐ
測量	cè liáng
丈量	zhàng liáng
衡量	héng liáng
思量	sī liáng
商量	shāng liáng
掂量	diān liáng
量杯	liáng bēi
量筒	liáng tǒng
量具	liáng jù
量身	liáng shēn
量角器	liáng jiǎo qì
量體溫	liáng tǐ wēn
累積	lěi jī
積累	jī lěi
累計	lěi jì
累加	lěi jiā
累犯	lěi fàn
累進	lěi jìn
累次	lěi cì
日積月累	rì jī yuè lěi
朝陽	zhāo yáng
朝氣	zhāo qì
朝夕	zhāo xì
朝露	zhāo lù
朝霞	zhāo xiá
朝暮	zhāo mù
今朝	jīn zhāo
朝朝暮暮	zhāo zhāo mù mù
朝三暮四	zhāo sān mù sì
朝氣蓬勃	zhāo qì péng bó
朝不保夕	zhāo bù bǎo xì
一朝一夕	yī zhāo yī xì
朝令夕改	zhāo lìng xì gǎi
朝思暮想	zhāo sī mù xiǎng
朝發夕至	zhāo fā xì zhì
首都	shǒu dū
都市	dū shì
都會	dū huì
國都	guó dū
京都	jīng dū
古都	gǔ dū
建都	jiàn dū
遷都	qiān dū
定都	dìng dū
都城	dū chéng
都督	dū dū
成都	chéng dū
大都會	dà dū huì
都市化	dū shì huà
空閒	kòng xián
空白	kòng bái
空缺	kòng quē
空隙	kòng xì
有空	yǒu kòng
沒空	méi kòng
抽空	chōu kòng
填空	tián kòng
空格	kòng gé
空暇	kòng xiá
空位	kòng wèi
空地	kòng dì
閒空	xián kòng
偷空	tōu kòng
勉強	miǎn qiǎng
強迫	qiǎng pò
強求	qiǎng qiú
牽強	qiān qiǎng
強詞奪理	qiǎng cí duó lǐ
強人所難	qiǎng rén suǒ nán
強顏歡笑	qiǎng yán huān xiào
倔強	jué jiàng
強嘴	jiàng zuǐ
喪禮	sāng lǐ
喪事	sāng shì
喪服	sāng fú
喪家	sāng jiā
奔喪	bēn sāng
治喪	zhì sāng
守喪	shǒu sāng
服喪	fú sāng
弔喪	diào sāng
喪葬	sāng zàng
喪鐘	sāng zhōng
報喪	bào sāng
勝任	shēng rèn
不勝枚舉	bù shēng méi jǔ
不勝其煩	bù shēng qí fán
不勝感激	bù shēng gǎn jī
美不勝收	měi bù shēng shōu
數不勝數	shǔ bù shēng shǔ
間隔	jiàn gé
間斷	jiàn duàn
間接	jiàn jiē
間諜	jiàn dié
離間	lí jiàn
反間	fǎn jiàn
間歇	jiàn xiē
間距	jiàn jù
間隙	jiàn xì
間或	jiàn huò
挑撥離間	tiǎo bō lí jiàn
親密無間	qīn mì wú jiàn
答理	dā lǐ
答腔	dā qiāng
羞答答	xiū dā dā
滴答	dī dā
散文	sǎn wén
散漫	sǎn màn
鬆散	sōng sǎn
散裝	sǎn zhuāng
散兵	sǎn bīng
散光	sǎn guāng
懶散	lǎn sǎn
閒散	xián sǎn
零散	líng sǎn
散架	sǎn jià
散文詩	sǎn wén shī
反省	fǎn xǐng
省思	xǐng sī
省察	xǐng chá
省悟	xǐng wù
內省	nèi xǐng
自省	zì xǐng
省親	xǐng qīn
歸省	guī xǐng
發人深省	fā rén shēn xǐng
不省人事	bù xǐng rén shì
三省吾身	sān xǐng wú shēn
角色	jué sè
主角	zhǔ jué
配角	pèi jué
丑角	chǒu jué
旦角	dàn jué
名角	míng jué
露面	lòu miàn
露臉	lòu liǎn
露出	lòu chū
露餡	lòu xiàn
露一手	lòu yī shǒu
露馬腳	lòu mǎ jiǎo
露底	lòu dǐ
數數	shǔ shù
數一數二	shǔ yī shǔ èr
數落	shǔ luò
數不清	shǔ bù qīng
數典忘祖	shǔ diǎn wàng zǔ
數錢	shǔ qián
數一數	shǔ yī shǔ
屈指可數	qū zhǐ kě shǔ
如數家珍	rú shǔ jiā zhēn
不可勝數	bù kě shēng shǔ
數見不鮮	shuò jiàn bù xiān
切開	qiē kāi
切斷	qiē duàn
切菜	qiē cài
切片	qiē piàn
切割	qiē gē
切磋	qiē cuō
切除	qiē chú
切入	qiē rù
切線	qiē xiàn
切塊	qiē kuài
切成	qiē chéng
切肉	qiē ròu
切碎	qiē suì
切面	qiē miàn
便宜	pián yí
大腹便便	dà fù pián pián
蠻橫	mán hèng
橫財	hèng cái
橫禍	hèng huò
專橫	zhuān hèng
驕橫	jiāo hèng
種田	zhòng tián
種植	zhòng zhí
種樹	zhòng shù
種花	zhòng huā
種菜	zhòng cài
耕種	gēng zhòng
栽種	zāi zhòng
種地	zhòng dì
接種	jiē zhòng
種瓜得瓜	zhòng guā dé guā
種豆得豆	zhòng dòu dé dòu
挑戰	tiǎo zhàn
挑釁	tiǎo xìn
挑撥	tiǎo bō
挑逗	tiǎo dòu
挑起	tiǎo qǐ
挑燈	tiǎo dēng
挑明	tiǎo míng
挑唆	tiǎo suō
可惡	kě wù
厭惡	yàn wù
憎惡	zēng wù
嫌惡	xián wù
深惡痛絕	shēn wù tòng jué
噁心	ě xīn
從容	cōng róng
從容不迫	cōng róng bù pò
僕從	pú zòng
侍從	shì zòng
隨從	suí zòng
剝削	bō xuè
削弱	xuè ruò
削減	xuè jiǎn
削足適履	xuè zú shì lǚ
瘦削	shòu xuè
傳記	zhuàn jì
自傳	zì zhuàn
列傳	liè zhuàn
外傳	wài zhuàn
經傳	jīng zhuàn
水滸傳	shuǐ hǔ zhuàn
縫隙	fèng xì
裂縫	liè fèng
門縫	mén fèng
牆縫	qiáng fèng
天衣無縫	tiān yī wú fèng
見縫插針	jiàn fèng chā zhēn
附和	fù hè
唱和	chàng hè
一唱一和	yī chàng yī hè
和麵	huò miàn
攪和	jiǎo huò
摻和	chān huò
喝采	hè cǎi
喝彩	hè cǎi
吆喝	yāo hè
喝令	hè lìng
喝止	hè zhǐ
當頭棒喝	dāng tóu bàng hè
轉圈	zhuàn quān
打轉	dǎ zhuàn
公轉	gōng zhuàn
自轉	zì zhuàn
團團轉	tuán tuán zhuàn
暈頭轉向	yūn tóu zhuàn xiàng
看守	kān shǒu
看護	kān hù
看門	kān mén
看家	kān jiā
看管	kān guǎn
看顧	kān gù
看守所	kān shǒu suǒ
塞車	sāi chē
塞子	sāi zi
瓶塞	píng sāi
塞住	sāi zhù
塞進	sāi jìn
塞滿	sāi mǎn
耳塞	ěr sāi
活塞	huó sāi
邊塞	biān sài
要塞	yào sài
塞外	sài wài
塞翁失馬	sài wēng shī mǎ
禁不起	jīn bù qǐ
禁不住	jīn bù zhù
情不自禁	qíng bù zì jīn
弱不禁風	ruò bù jīn fēng
不禁	bù jīn
對稱	duì chèng
勻稱	yún chèng
稱心	chèng xīn
稱職	chèng zhí
稱心如意	chèng xīn rú yì
睡覺	shuì jiào
午覺	wǔ jiào
睡午覺	shuì wǔ jiào
投降	tóu xiáng
降伏	xiáng fú
教書	jiāo shū
人參	rén shēn
海參	hǎi shēn
薄荷	bò hé
曾孫	zēng sūn
曾祖	zēng zǔ
曾祖父	zēng zǔ fù
曾祖母	zēng zǔ mǔ
會計	kuài jì
牛仔	niú zǎi
公仔	gōng zǎi
似的	shì de
乾坤	qián kūn
乾隆	qián lóng
大夫	dài fū
鑰匙	yào shi
湯匙	tāng chí
調查	diào chá
聲調	shēng diào
語調	yǔ diào
單調	dān diào
格調	gé diào
論調	lùn diào
腔調	qiāng diào
情調	qíng diào
強調	qiáng diào
色調	sè diào
基調	jī diào
步調	bù diào
音調	yīn diào
調動	diào dòng
調度	diào dù
調職	diào zhí
調派	diào pài
調任	diào rèn
調換	diào huàn
調遣	diào qiǎn
調兵	diào bīng
調閱	diào yuè
調包	diào bāo
高調	gāo diào
低調	dī diào
小調	xiǎo diào
民調	mín diào
筆調	bǐ diào
同調	tóng diào
調虎離山	diào hǔ lí shān
老調重彈	lǎo diào chóng tán
陳腔濫調	chén qiāng làn diào
調查局	diào chá jú
調查報告	diào chá bào gào
為何	wèi hé
何為	hé wéi
為政	wéi zhèng
為數	wéi shù
為力	wéi lì
為準則	wéi zhǔn zé
作為一個	zuò wéi yī gè
認為是	rèn wéi shì
成為了	chéng wéi le
以為是	yǐ wéi shì
大為	dà wéi
深為	shēn wéi
轉為	zhuǎn wéi
合為	hé wéi
改稱為	gǎi chēng wéi
視為己任	shì wéi jǐ rèn
為虎作倀	wèi hǔ zuò chāng
為富不仁	wéi fù bù rén
敢作敢為	gǎn zuò gǎn wéi
年輕有為	nián qīng yǒu wéi
無所作為	wú suǒ zuò wéi
不以為然	bù yǐ wéi rán
習以為常	xí yǐ wéi cháng
信以為真	xìn yǐ wéi zhēn
引以為傲	yǐn yǐ wéi ào
引以為戒	yǐn yǐ wéi jiè
自以為是	zì yǐ wéi shì
為善最樂	wéi shàn zuì lè
孫子兵法	sūn zǐ bīng fǎ
諸子百家	zhū zǐ bǎi jiā
子曰	zǐ yuē
子規	zǐ guī
子爵	zǐ jué
子息	zǐ xí
子嗣	zǐ sì
嫡子	dí zǐ
世子	shì zǐ
犬子	quǎn zǐ
愛子	ài zǐ
內子	nèi zǐ
外子	wài zǐ
逆子	nì zǐ
庶子	shù zǐ
稚子	zhì zǐ
舟子	zhōu zǐ
士子	shì zǐ
童子	tóng zǐ
仙子	xiān zǐ
女子學校	nǚ zǐ xué xiào
電子書	diàn zǐ shū
電子琴	diàn zǐ qín
電子錶	diàn zǐ biǎo
分子式	fēn zǐ shì
原子筆	yuán zǐ bǐ
原子能	yuán zǐ néng
魚子醬	yú zǐ jiàng
母子倆	mǔ zǐ liǎ
父子倆	fù zǐ liǎ
天之驕子	tiān zhī jiāo zǐ
正人君子	zhèng rén jūn zǐ
謙謙君子	qiān qiān jūn zǐ
子子孫孫	zǐ zǐ sūn sūn
望子成龍	wàng zǐ chéng lóng
以子之矛	yǐ zǐ zhī máo
得利	dé lì
得宜	dé yí
得魚忘筌	dé yú wàng quán
得隴望蜀	dé lǒng wàng shǔ
所得稅	suǒ dé shuì
得獎者	dé jiǎng zhě
得分王	dé fēn wáng
一得之愚	yī dé zhī yú
不入虎穴焉得虎子	bù rù hǔ xuè yān dé hǔ zǐ
可望而不可得	kě wàng ér bù kě dé
患得患失	huàn dé huàn shī
求之不得	qiú zhī bù dé
罐頭	guàn tou
碼頭	mǎ tou
想頭	xiǎng tou
奔頭	bēn tou
甜頭兒	tián tou ér
相紙	xiàng zhǐ
狼狽相	láng bèi xiàng
出洋相	chū yáng xiàng
洋相	yáng xiàng
照相館	zhào xiàng guǎn
數位相機	shù wèi xiàng jī
將相	jiàng xiàng
王侯將相	wáng hóu jiàng xiàng
拜相	bài xiàng
輔相	fǔ xiàng
比鄰	bì lín
朋比為奸	péng bì wéi jiān
比比皆是	bì bì jiē shì
部署	bù shù
簽署	qiān shù
署名	shù míng
悶熱	mēn rè
悶聲	mēn shēng
悶頭	mēn tóu
搖晃	yáo huàng
晃動	huàng dòng
晃來晃去	huàng lái huàng qù
號叫	háo jiào
哀號	āi háo
呼號	hū háo
號啕大哭	háo táo dà kū
號哭	háo kū
校對	jiào duì
校正	jiào zhèng
校訂	jiào dìng
校稿	jiào gǎo
校閱	jiào yuè
校勘	jiào kān
負荷	fù hè
荷槍實彈	hè qiāng shí dàn
店鋪	diàn pù
床鋪	chuáng pù
鋪子	pù zi
飯鋪	fàn pù
鋪位	pù wèi
功夫	gōng fu
意思	yì si
啦啦隊	lā lā duì
漂浮	piāo fú
漂流	piāo liú
漂泊	piāo bó
漂移	piāo yí
漂白	piǎo bái
這兒	zhè r
那兒	nà r
哪兒	nǎ r
一點兒	yī diǎn r
一會兒	yī huǐ r
一塊兒	yī kuài r
玩兒	wán r
有點兒	yǒu diǎn r
差點兒	chā diǎn r
答謝	dá xiè
答案	dá àn
縱橫	zōng héng
散步	sàn bù
倒進	dào jìn
倒掉	dào diào
倒滿	dào mǎn
倒一杯	dào yī bēi
朝會	zhāo huì
週會	zhōu huì
教我	jiāo wǒ
教你	jiāo nǐ
教他	jiāo tā
教她	jiāo tā
教我們	jiāo wǒ men
教你們	jiāo nǐ men
教他們	jiāo tā men
教大家	jiāo dà jiā
教小朋友	jiāo xiǎo péng yǒu
爸爸	bà ba
媽媽	mā ma
哥哥	gē ge
弟弟	dì di
姊姊	jiě jie
姐姐	jiě jie
妹妹	mèi mei
爺爺	yé ye
奶奶	nǎi nai
叔叔	shú shu
伯伯	bó bo
姑姑	gū gu
舅舅	jiù jiu
公公	gōng gong
婆婆	pó po
太太	tài tai
娃娃	wá wa
謝謝	xiè xie
